,Compagnia,partenza,scalo_1,scalo_2,Arrivo,costo,durata_in_minuti
0,Ryanair,Napoli,Parigi,Nessuna,Praga,100,200
1,Lufthansa,Milano,Nessuna,Nessuna,Londra,150,80
2,EasyJet,Londra,Parigi,Berlino,Praga,180,250
3,Ryanair,Napoli,Milano,Berlino,Praga,120,240
4,Lufthansa,Napoli,Nessuna,Nessuna,Praga,100,110
5,EasyJet,Berlino,Praga,Nessuna,Parigi,130,280
6,Alitalia,Roma,Nessuna,Nessuna,Londra,90,90
7,Alitalia,Milano,Corfù,Londra,Berlino,190,260
8,Ryanair,Napoli,Parigi,Nessuna,Praga,70,300
9,Lufthansa,Berlino,Madrid,Nessuna,Roma,200,220
10,EasyJet,Roma,Berlino,Nessuna,Praga,30,230
11,Ryanair,Roma,Nessuna,Nessuna,Madrid,80,70
12,EasyJet,Napoli,Nessuna,Nessuna,Milano,400,300
13,Iberia,Madrid,Nessuna,Parigi,Berlino,180,180
14,Emirates,Madrid,Lisbona,Londra,Berlino,80,250
15,Lufthansa,Madrid,Nessuna,Nessuna,Berlino,200,80
16,Ryanair,Monaco,Roma,Madrid,Lisbona,110,180
17,EasyJet,Madrid,Roma,Monaco,Praga,100,200
