Partenza,Destinazione,Compagnia,Numero di scali,Costo,Durata,Decision,Mese,Classe
Roma,Londra,Ryanair,2,69,162,Yes,settembre,business
Milano,Londra,Ryanair,0,66,190,Yes,ottobre,business
Roma,Londra,Ryanair,1,89,120,Yes,novembre,economy
Parigi,Roma,Ryanair,1,177,109,No,dicembre,economy
Milano,Parigi,Ryanair,0,109,154,Yes,dicembre,economy
Milano,Parigi,Ryanair,2,229,122,No,giugno,economy
Madrid,Parigi,Ryanair,0,175,201,No,dicembre,business
Milano,Roma,Ryanair,2,159,167,No,giugno,business
Parigi,Parigi,Ryanair,1,221,125,No,dicembre,business
Milano,Parigi,Ryanair,0,182,223,No,luglio,economy
Amsterdam,Parigi,Ryanair,1,63,213,No,dicembre,economy
Parigi,Londra,Ryanair,1,174,229,No,novembre,business
Amsterdam,Parigi,Ryanair,0,104,174,Yes,luglio,economy
Roma,Parigi,Ryanair,2,141,173,No,novembre,economy
Madrid,Parigi,Ryanair,1,167,238,No,dicembre,economy
Madrid,Roma,Ryanair,0,227,197,No,dicembre,economy
Parigi,Parigi,Ryanair,1,199,185,No,dicembre,business
Berlino,Parigi,Ryanair,1,60,188,No,dicembre,business
Parigi,Parigi,Ryanair,2,105,227,No,marzo,business
Madrid,Roma,Ryanair,0,120,184,Yes,maggio,business
Milano,Londra,Ryanair,1,93,168,Yes,settembre,economy
Milano,Parigi,Ryanair,1,170,158,No,ottobre,business
Madrid,Parigi,Ryanair,0,199,173,No,novembre,business
Londra,Roma,Ryanair,2,200,107,No,dicembre,business
Milano,Londra,Ryanair,1,145,193,No,dicembre,economy
Roma,Parigi,Ryanair,1,115,164,Yes,giugno,economy
Madrid,Roma,Ryanair,2,178,235,No,dicembre,business
Amsterdam,Londra,Ryanair,1,78,208,No,luglio,business
Roma,Parigi,Ryanair,2,207,109,No,dicembre,business
Parigi,Parigi,Ryanair,1,138,193,No,novembre,economy
Roma,Londra,Ryanair,1,103,192,No,luglio,economy
Milano,Parigi,Ryanair,0,189,217,No,novembre,economy
Milano,Parigi,Ryanair,2,113,180,No,dicembre,economy
Madrid,Parigi,Ryanair,2,157,200,No,dicembre,business
Amsterdam,Londra,Ryanair,1,232,116,No,dicembre,business
Londra,Parigi,Ryanair,1,86,192,No,dicembre,business
Londra,Parigi,Ryanair,1,57,123,Yes,marzo,business
Berlino,Roma,Ryanair,1,219,240,No,maggio,business
Roma,Londra,Ryanair,1,79,123,Yes,settembre,economy
Amsterdam,Parigi,Ryanair,1,213,115,No,ottobre,economy
Madrid,Parigi,Ryanair,2,102,175,No,novembre,economy
Amsterdam,Londra,Ryanair,1,201,199,No,dicembre,business
Madrid,Parigi,Ryanair,1,150,170,No,dicembre,economy
Roma,Parigi,Ryanair,1,144,131,Yes,giugno,business
Milano,Londra,Ryanair,1,159,146,No,dicembre,economy
Amsterdam,Parigi,Ryanair,1,205,153,No,giugno,economy
Roma,Londra,Ryanair,1,145,116,Yes,dicembre,business
Parigi,Londra,Ryanair,2,116,142,Yes,luglio,economy
Parigi,Parigi,Ryanair,1,126,105,Yes,settembre,economy
Berlino,Parigi,Ryanair,2,92,239,No,ottobre,economy
Londra,Parigi,Ryanair,0,73,145,Yes,novembre,business
Parigi,Parigi,Ryanair,0,80,135,Yes,dicembre,business
Parigi,Parigi,Ryanair,2,185,150,No,dicembre,economy
Parigi,Parigi,Ryanair,2,83,187,No,giugno,economy
Madrid,Londra,Ryanair,1,99,125,Yes,dicembre,economy
Londra,Parigi,Ryanair,2,52,218,No,giugno,economy
Milano,Parigi,Ryanair,2,87,144,Yes,dicembre,business
Londra,Parigi,Ryanair,2,231,238,No,luglio,business
Roma,Parigi,Ryanair,1,77,127,Yes,dicembre,business
Milano,Parigi,Ryanair,0,179,125,Yes,novembre,economy
Parigi,Londra,Ryanair,2,186,113,No,luglio,economy
Amsterdam,Londra,Ryanair,0,122,155,Yes,novembre,business
Madrid,Parigi,Ryanair,0,129,183,Yes,dicembre,economy
Roma,Parigi,Ryanair,2,183,226,No,dicembre,economy
Madrid,Parigi,Ryanair,2,57,208,No,dicembre,economy
Madrid,Parigi,Ryanair,2,150,236,No,dicembre,economy
Amsterdam,Londra,Ryanair,2,115,136,Yes,marzo,business
Berlino,Londra,Ryanair,2,181,166,No,maggio,business
Roma,Parigi,Ryanair,1,229,227,No,settembre,business
Amsterdam,Roma,Ryanair,1,67,240,No,ottobre,business
Roma,Londra,Ryanair,2,157,218,No,novembre,economy
Madrid,Roma,Ryanair,2,62,184,No,dicembre,business
Parigi,Parigi,Ryanair,1,239,152,No,dicembre,business
Madrid,Parigi,Ryanair,1,141,104,Yes,giugno,business
Londra,Roma,Ryanair,2,245,123,No,dicembre,economy
Roma,Londra,Ryanair,1,122,126,Yes,luglio,economy
Londra,Roma,Ryanair,1,151,226,No,dicembre,business
Londra,Parigi,Ryanair,1,175,203,No,novembre,business
Parigi,Parigi,Ryanair,1,91,100,Yes,luglio,business
Londra,Parigi,Ryanair,1,86,143,Yes,novembre,economy
Amsterdam,Londra,Ryanair,1,92,105,Yes,dicembre,economy
Madrid,Roma,Ryanair,2,163,162,No,dicembre,economy
Amsterdam,Londra,Ryanair,2,201,114,No,dicembre,economy
Berlino,Londra,Ryanair,2,123,228,No,dicembre,business
Amsterdam,Londra,Ryanair,1,105,192,No,marzo,business
Amsterdam,Parigi,Ryanair,0,211,156,Yes,maggio,business
Milano,Parigi,Ryanair,2,211,233,No,settembre,business
Roma,Londra,Ryanair,1,238,162,No,ottobre,business
Berlino,Londra,Ryanair,1,52,113,Yes,novembre,economy
Amsterdam,Parigi,Ryanair,2,143,102,Yes,dicembre,economy
Milano,Londra,Ryanair,0,81,118,Yes,dicembre,economy
Madrid,Parigi,Ryanair,0,88,186,Yes,giugno,business
Madrid,Roma,Ryanair,0,198,163,Yes,dicembre,economy
Milano,Londra,Ryanair,2,214,229,No,giugno,business
Madrid,Roma,Ryanair,0,239,186,No,dicembre,economy
Madrid,Londra,Ryanair,1,229,194,No,luglio,economy
Londra,Londra,Ryanair,0,134,219,Yes,settembre,business
Roma,Londra,Ryanair,1,77,214,No,ottobre,economy
Roma,Parigi,Ryanair,0,54,229,Yes,novembre,economy
Milano,Parigi,Ryanair,2,199,105,No,dicembre,economy
Amsterdam,Londra,Ryanair,2,185,138,No,dicembre,business
Milano,Londra,Ryanair,1,141,205,No,giugno,business
Milano,Londra,Ryanair,0,242,122,Yes,dicembre,economy
Amsterdam,Parigi,Ryanair,2,50,207,No,giugno,economy
Madrid,Parigi,Ryanair,1,202,198,No,dicembre,economy
Roma,Londra,Ryanair,1,172,133,No,luglio,economy
Londra,Parigi,Ryanair,1,118,106,Yes,dicembre,business
Londra,Londra,Ryanair,2,60,172,No,novembre,business
Amsterdam,Parigi,Ryanair,1,172,208,No,luglio,business
Roma,Parigi,Ryanair,0,145,176,Yes,novembre,economy
Londra,Parigi,Ryanair,1,200,176,No,dicembre,economy
Berlino,Londra,Ryanair,2,135,135,Yes,dicembre,business
Parigi,Roma,Ryanair,0,214,152,Yes,dicembre,economy
Madrid,Parigi,Ryanair,2,241,194,No,dicembre,economy
Amsterdam,Londra,Ryanair,0,55,175,Yes,marzo,economy
Milano,Parigi,Ryanair,1,159,225,No,maggio,economy
Amsterdam,Parigi,Ryanair,0,157,136,Yes,settembre,business
Milano,Londra,Ryanair,2,103,137,Yes,ottobre,business
Milano,Parigi,Ryanair,0,208,132,Yes,novembre,business
Madrid,Roma,Ryanair,0,113,208,Yes,dicembre,business
Londra,Parigi,Ryanair,2,205,165,No,dicembre,economy
Londra,Parigi,Ryanair,1,194,147,No,giugno,business
Londra,Parigi,Ryanair,2,187,123,No,dicembre,business
Parigi,Parigi,Ryanair,2,201,191,No,luglio,business
Milano,Parigi,Ryanair,2,78,206,No,dicembre,economy
Madrid,Parigi,Ryanair,0,166,215,No,novembre,economy
Milano,Londra,Ryanair,0,72,117,Yes,luglio,business
Parigi,Roma,Ryanair,2,159,219,No,novembre,business
Roma,Parigi,Ryanair,0,180,104,Yes,dicembre,business
Berlino,Londra,Ryanair,2,227,194,No,dicembre,economy
Milano,Parigi,Ryanair,1,56,104,Yes,dicembre,economy
Madrid,Londra,Ryanair,1,133,205,No,dicembre,economy
Roma,Parigi,Ryanair,0,205,157,Yes,marzo,economy
Roma,Parigi,Ryanair,0,91,227,Yes,maggio,business
Parigi,Londra,Ryanair,2,228,144,No,settembre,business
Parigi,Parigi,Ryanair,2,64,159,Yes,ottobre,business
Milano,Parigi,Ryanair,0,90,236,Yes,novembre,business
Milano,Londra,Ryanair,0,144,115,Yes,dicembre,business
Roma,Londra,Ryanair,1,73,215,No,dicembre,economy
Londra,Parigi,Ryanair,1,72,174,No,giugno,economy
Amsterdam,Londra,Ryanair,2,131,230,No,dicembre,economy
Berlino,Londra,Ryanair,0,93,171,Yes,giugno,business
Milano,Londra,Ryanair,0,216,195,No,dicembre,economy
Berlino,Parigi,Ryanair,2,168,228,No,luglio,business
Roma,Parigi,Ryanair,1,222,194,No,settembre,economy
Berlino,Parigi,Ryanair,0,191,214,No,ottobre,economy
Amsterdam,Parigi,Ryanair,2,155,157,No,novembre,business
Roma,Parigi,Ryanair,2,201,157,No,dicembre,economy
Amsterdam,Londra,Ryanair,2,215,177,No,dicembre,economy
Londra,Londra,Ryanair,0,129,206,Yes,giugno,economy
Parigi,Parigi,Ryanair,0,133,109,Yes,dicembre,business
Parigi,Londra,Ryanair,0,245,220,No,giugno,business
Amsterdam,Parigi,Ryanair,2,56,142,Yes,dicembre,economy
Madrid,Parigi,Ryanair,0,122,239,Yes,luglio,economy
Madrid,Parigi,Ryanair,2,154,214,No,dicembre,economy
Amsterdam,Parigi,Ryanair,0,89,175,Yes,novembre,economy
Milano,Londra,Ryanair,1,72,194,No,luglio,business
Londra,Parigi,Ryanair,2,152,181,No,novembre,business
Milano,Parigi,Ryanair,0,61,156,Yes,dicembre,business
Roma,Parigi,Ryanair,1,204,105,No,dicembre,economy
Parigi,Parigi,Ryanair,0,133,222,Yes,dicembre,economy
Roma,Parigi,Ryanair,2,248,166,No,dicembre,business
Londra,Londra,Ryanair,0,113,206,Yes,marzo,economy
Madrid,Parigi,Ryanair,2,55,176,No,maggio,economy
Londra,Parigi,Ryanair,1,164,114,No,settembre,economy
Madrid,Parigi,Ryanair,2,220,170,No,ottobre,economy
Amsterdam,Parigi,Ryanair,1,222,116,No,novembre,business
Roma,Londra,Ryanair,2,180,213,No,dicembre,business
Madrid,Parigi,Ryanair,1,181,173,No,dicembre,business
Madrid,Parigi,Ryanair,2,105,240,No,giugno,business
Parigi,Parigi,Ryanair,1,116,138,Yes,dicembre,economy
Berlino,Roma,Ryanair,2,212,115,No,luglio,business
Parigi,Parigi,Ryanair,2,234,101,No,dicembre,business
Roma,Parigi,Ryanair,1,78,176,No,novembre,business
Amsterdam,Parigi,Ryanair,2,119,235,No,luglio,economy
Berlino,Parigi,Ryanair,1,225,191,No,novembre,economy
Roma,Parigi,Ryanair,1,82,234,No,dicembre,business
Roma,Parigi,Ryanair,0,55,221,Yes,dicembre,business
Parigi,Londra,Ryanair,0,127,182,Yes,dicembre,business
Berlino,Londra,Ryanair,1,150,128,No,dicembre,economy
Parigi,Londra,Ryanair,2,113,240,No,marzo,economy
Londra,Londra,Ryanair,1,208,132,No,maggio,economy
Madrid,Parigi,Ryanair,1,115,119,Yes,settembre,economy
Madrid,Parigi,Ryanair,1,223,183,No,ottobre,business
Parigi,Parigi,Ryanair,1,118,225,No,novembre,business
Amsterdam,Londra,Ryanair,1,62,125,Yes,dicembre,business
Londra,Parigi,Ryanair,2,154,192,No,dicembre,business
Milano,Parigi,Ryanair,0,186,159,Yes,giugno,business
Roma,Londra,Ryanair,1,210,128,No,dicembre,economy
Amsterdam,Londra,Ryanair,0,197,115,Yes,giugno,economy
Madrid,Parigi,Ryanair,0,221,114,Yes,dicembre,economy
Parigi,Londra,Ryanair,2,242,107,No,luglio,business
Madrid,Londra,Ryanair,0,219,115,Yes,settembre,economy
Parigi,Parigi,Ryanair,0,115,126,Yes,ottobre,business
Amsterdam,Londra,Ryanair,2,135,143,Yes,novembre,economy
Madrid,Roma,Ryanair,1,249,131,No,dicembre,economy
Londra,Parigi,Ryanair,2,179,164,No,dicembre,business
Parigi,Parigi,Ryanair,1,205,190,No,giugno,economy
Milano,Londra,Ryanair,0,248,222,No,dicembre,economy
Milano,Londra,Ryanair,1,215,168,No,giugno,economy
Parigi,Parigi,Ryanair,0,204,156,Yes,dicembre,business
Berlino,Londra,Ryanair,0,103,164,Yes,luglio,business
Amsterdam,Roma,Ryanair,1,96,133,Yes,dicembre,economy
Berlino,Parigi,Ryanair,1,121,150,Yes,novembre,economy
Berlino,Londra,Ryanair,2,165,160,No,luglio,economy
Parigi,Londra,Ryanair,1,92,218,No,novembre,economy
Amsterdam,Roma,Ryanair,0,141,141,Yes,dicembre,business
Milano,Londra,Ryanair,1,183,160,No,dicembre,business
Berlino,Parigi,Ryanair,0,126,111,Yes,gennaio,business
Amsterdam,Parigi,Ryanair,0,169,127,Yes,dicembre,economy
Amsterdam,Parigi,Ryanair,0,159,114,Yes,marzo,economy
Roma,Londra,Ryanair,0,130,199,Yes,maggio,business
Madrid,Parigi,Ryanair,0,74,166,Yes,settembre,economy
Berlino,Parigi,Ryanair,0,212,213,No,ottobre,economy
Londra,Parigi,Ryanair,2,119,158,Yes,novembre,economy
Madrid,Londra,Ryanair,1,83,106,Yes,dicembre,economy
Parigi,Roma,Ryanair,1,246,156,No,dicembre,business
Madrid,Roma,Ryanair,1,50,233,No,giugno,business
Parigi,Roma,Ryanair,0,180,214,No,dicembre,business
Berlino,Roma,Ryanair,2,188,199,No,luglio,business
Roma,Parigi,Ryanair,0,163,152,Yes,dicembre,economy
Roma,Parigi,Ryanair,1,227,162,No,novembre,business
Roma,Parigi,Ryanair,2,244,237,No,luglio,business
Londra,Roma,Ryanair,0,115,101,Yes,novembre,business
Berlino,Roma,Ryanair,0,101,204,Yes,dicembre,economy
Berlino,Londra,Ryanair,1,111,140,Yes,dicembre,economy
Amsterdam,Parigi,Ryanair,2,161,117,No,gennaio,business
Berlino,Londra,Ryanair,1,187,168,No,dicembre,business
Amsterdam,Parigi,Ryanair,2,91,233,No,marzo,business
Londra,Parigi,Ryanair,1,86,152,Yes,maggio,economy
Amsterdam,Parigi,Ryanair,0,98,207,Yes,settembre,economy
Londra,Parigi,Ryanair,0,53,196,Yes,ottobre,economy
Roma,Londra,Ryanair,0,172,158,Yes,novembre,economy
Roma,Parigi,Ryanair,0,177,163,Yes,dicembre,business
Amsterdam,Parigi,Ryanair,0,224,140,Yes,gennaio,business
Roma,Parigi,Ryanair,0,137,134,Yes,giugno,business
Berlino,Parigi,Ryanair,1,66,180,No,dicembre,business
Berlino,Parigi,Ryanair,1,229,113,No,giugno,business
Londra,Parigi,Ryanair,0,188,175,No,dicembre,economy
Roma,Parigi,Ryanair,2,134,147,Yes,luglio,economy
Milano,Roma,Ryanair,1,86,239,No,settembre,economy
Madrid,Parigi,Ryanair,1,52,167,Yes,ottobre,business
Parigi,Parigi,Ryanair,2,174,133,No,novembre,economy
Madrid,Parigi,Ryanair,2,59,184,No,dicembre,business
Parigi,Parigi,Ryanair,0,111,109,Yes,gennaio,economy
Parigi,Londra,Ryanair,0,115,109,Yes,giugno,economy
Madrid,Parigi,Ryanair,1,70,175,No,dicembre,business
Roma,Parigi,Ryanair,1,60,158,Yes,giugno,economy
Berlino,Roma,Ryanair,2,143,218,No,dicembre,economy
Milano,Londra,Ryanair,2,167,158,No,luglio,economy
Roma,Parigi,Ryanair,0,189,102,Yes,dicembre,business
Amsterdam,Parigi,Ryanair,0,217,166,Yes,novembre,business
Berlino,Roma,Ryanair,2,242,170,No,luglio,economy
Berlino,Roma,Ryanair,0,181,172,No,novembre,economy
Milano,Parigi,Ryanair,0,92,224,Yes,dicembre,economy
Milano,Parigi,Ryanair,1,100,229,No,dicembre,economy
Parigi,Parigi,Ryanair,0,132,157,Yes,gennaio,business
Milano,Londra,Ryanair,2,156,103,No,dicembre,business
Madrid,Roma,Ryanair,1,66,124,Yes,marzo,business
Roma,Londra,Ryanair,0,192,226,No,maggio,economy
Amsterdam,Parigi,Ryanair,2,99,181,No,settembre,economy
Roma,Parigi,Ryanair,1,210,104,No,ottobre,business
Londra,Parigi,Ryanair,0,160,160,Yes,novembre,economy
Parigi,Londra,Ryanair,0,224,200,No,dicembre,economy
Milano,Parigi,Ryanair,1,178,118,No,dicembre,economy
Berlino,Roma,Ryanair,0,129,161,Yes,giugno,economy
Parigi,Londra,Ryanair,0,50,109,Yes,dicembre,business
Roma,Parigi,Ryanair,0,188,146,Yes,luglio,business
Roma,Parigi,Ryanair,1,126,159,Yes,dicembre,business
Parigi,Londra,Ryanair,0,61,193,Yes,novembre,business
Parigi,Londra,Ryanair,0,182,114,Yes,luglio,economy
Madrid,Londra,Ryanair,1,118,105,Yes,novembre,business
Roma,Parigi,Ryanair,0,212,106,Yes,dicembre,business
Milano,Londra,Ryanair,0,123,182,Yes,dicembre,business
Roma,Parigi,Ryanair,0,189,188,No,gennaio,economy
Amsterdam,Londra,Ryanair,2,200,179,No,dicembre,economy
Londra,Parigi,Ryanair,1,248,171,No,marzo,business
Londra,Parigi,Ryanair,2,182,162,No,maggio,business
Berlino,Parigi,Ryanair,1,160,208,No,settembre,business
Madrid,Londra,Ryanair,2,138,239,No,ottobre,economy
Madrid,Parigi,Ryanair,1,241,215,No,novembre,economy
Roma,Parigi,Ryanair,0,130,190,Yes,dicembre,economy
Londra,Parigi,Ryanair,1,113,119,Yes,gennaio,economy
Roma,Parigi,Ryanair,2,163,225,No,giugno,business
Londra,Parigi,Ryanair,2,62,195,No,dicembre,business
Madrid,Parigi,Ryanair,0,185,217,No,giugno,business
Londra,Parigi,Ryanair,1,207,103,No,dicembre,business
Roma,Londra,Ryanair,2,78,108,Yes,luglio,business
Roma,Parigi,Ryanair,0,117,167,Yes,luglio,economy
Parigi,Parigi,Ryanair,0,104,230,Yes,dicembre,economy
Amsterdam,Parigi,Ryanair,0,169,213,No,gennaio,economy
Roma,Parigi,Ryanair,1,224,197,No,giugno,business
Londra,Parigi,Ryanair,0,84,213,Yes,dicembre,economy
Londra,Parigi,Ryanair,1,137,207,No,giugno,business
Roma,Parigi,Ryanair,2,205,166,No,dicembre,economy
Amsterdam,Londra,Ryanair,1,75,132,Yes,luglio,economy
Berlino,Roma,Ryanair,2,226,172,No,luglio,business
Amsterdam,Londra,Ryanair,2,82,143,Yes,settembre,economy
Parigi,Parigi,Ryanair,1,239,206,No,dicembre,economy
Roma,Parigi,Ryanair,0,54,130,Yes,gennaio,economy
