Partenza,Destinazione,Compagnia,Numero di scali,Costo,Durata,Decision
Roma,Londra,Lufthansa,2,69,162,Yes
Milano,Londra,Ryanair,0,66,190,Yes
Roma,Madrid,Lufthansa,1,89,120,Yes
Parigi,Roma,EasyJet,1,177,109,No
Milano,Berlino,Wizz Air,0,109,154,Yes
Milano,Parigi,Wizz Air,2,229,122,No
Madrid,Parigi,Iberia,0,175,201,No
Milano,Roma,Wizz Air,2,159,167,No
Parigi,Amsterdam,Lufthansa,1,221,125,No
Milano,Amsterdam,Iberia,0,182,223,No
Amsterdam,Berlino,EasyJet,1,63,213,No
Parigi,Londra,EasyJet,1,174,229,No
Amsterdam,Parigi,Ryanair,0,104,174,Yes
Roma,Amsterdam,Wizz Air,2,141,173,No
Madrid,Parigi,Ryanair,1,167,238,No
Madrid,Roma,Wizz Air,0,227,197,No
Parigi,Berlino,Iberia,1,199,185,No
Berlino,Parigi,Wizz Air,1,60,188,No
Parigi,Amsterdam,Iberia,2,105,227,No
Madrid,Roma,Iberia,0,120,184,Yes
Milano,Londra,EasyJet,1,93,168,Yes
Milano,Amsterdam,Wizz Air,1,170,158,No
Madrid,Parigi,Ryanair,0,199,173,No
Londra,Roma,EasyJet,2,200,107,No
Milano,Londra,EasyJet,1,145,193,No
Roma,Parigi,EasyJet,1,115,164,Yes
Madrid,Roma,Iberia,2,178,235,No
Amsterdam,Madrid,Wizz Air,1,78,208,No
Roma,Amsterdam,Ryanair,2,207,109,No
Parigi,Berlino,Wizz Air,1,138,193,No
Roma,Madrid,Wizz Air,1,103,192,No
Milano,Parigi,Lufthansa,0,189,217,No
Milano,Berlino,Wizz Air,2,113,180,No
Madrid,Berlino,Lufthansa,2,157,200,No
Amsterdam,Londra,Lufthansa,1,232,116,No
Londra,Amsterdam,Ryanair,1,86,192,No
Londra,Milano,EasyJet,1,57,123,Yes
Berlino,Roma,Iberia,1,219,240,No
Roma,Londra,Lufthansa,1,79,123,Yes
Amsterdam,Parigi,Iberia,1,213,115,No
Madrid,Amsterdam,Lufthansa,2,102,175,No
Amsterdam,Londra,Wizz Air,1,201,199,No
Madrid,Parigi,Lufthansa,1,150,170,No
Roma,Amsterdam,Lufthansa,1,144,131,Yes
Milano,Madrid,Ryanair,1,159,146,No
Amsterdam,Berlino,Wizz Air,1,205,153,No
Roma,Madrid,Lufthansa,1,145,116,Yes
Parigi,Londra,EasyJet,2,116,142,Yes
Parigi,Amsterdam,Iberia,1,126,105,Yes
Berlino,Milano,Lufthansa,2,92,239,No
Londra,Amsterdam,Wizz Air,0,73,145,Yes
Parigi,Berlino,Wizz Air,0,80,135,Yes
Parigi,Berlino,Iberia,2,185,150,No
Parigi,Amsterdam,Ryanair,2,83,187,No
Madrid,Londra,EasyJet,1,99,125,Yes
Londra,Milano,Ryanair,2,52,218,No
Milano,Berlino,Iberia,2,87,144,Yes
Londra,Berlino,Lufthansa,2,231,238,No
Roma,Parigi,EasyJet,1,77,127,Yes
Milano,Parigi,Wizz Air,0,179,125,Yes
Parigi,Londra,Ryanair,2,186,113,No
Amsterdam,Madrid,Ryanair,0,122,155,Yes
Madrid,Berlino,EasyJet,0,129,183,Yes
Roma,Milano,Iberia,2,183,226,No
Madrid,Berlino,EasyJet,2,57,208,No
Madrid,Amsterdam,Wizz Air,2,150,236,No
Amsterdam,Londra,Lufthansa,2,115,136,Yes
Berlino,Londra,Iberia,2,181,166,No
Roma,Parigi,Iberia,1,229,227,No
Amsterdam,Roma,Iberia,1,67,240,No
Roma,Londra,EasyJet,2,157,218,No
Madrid,Roma,Lufthansa,2,62,184,No
Parigi,Berlino,Lufthansa,1,239,152,No
Madrid,Parigi,Lufthansa,1,141,104,Yes
Londra,Roma,Iberia,2,245,123,No
Roma,Londra,EasyJet,1,122,126,Yes
Londra,Roma,Iberia,1,151,226,No
Londra,Milano,Wizz Air,1,175,203,No
Parigi,Berlino,EasyJet,1,91,100,Yes
Londra,Berlino,Wizz Air,1,86,143,Yes
Amsterdam,Londra,Lufthansa,1,92,105,Yes
Madrid,Roma,Ryanair,2,163,162,No
Amsterdam,Madrid,Ryanair,2,201,114,No
Berlino,Madrid,Lufthansa,2,123,228,No
Amsterdam,Londra,EasyJet,1,105,192,No
Amsterdam,Parigi,EasyJet,0,211,156,Yes
Milano,Berlino,EasyJet,2,211,233,No
Roma,Madrid,Wizz Air,1,238,162,No
Berlino,Londra,Ryanair,1,52,113,Yes
Amsterdam,Milano,Ryanair,2,143,102,Yes
Milano,Madrid,Ryanair,0,81,118,Yes
Madrid,Berlino,Iberia,0,88,186,Yes
Madrid,Roma,Iberia,0,198,163,Yes
Milano,Madrid,Iberia,2,214,229,No
Madrid,Roma,EasyJet,0,239,186,No
Madrid,Londra,Ryanair,1,229,194,No
Londra,Madrid,Lufthansa,0,134,219,Yes
Roma,Londra,Lufthansa,1,77,214,No
Roma,Parigi,Ryanair,0,54,229,Yes
Milano,Berlino,Iberia,2,199,105,No
Amsterdam,Londra,EasyJet,2,185,138,No
Milano,Londra,Ryanair,1,141,205,No
Milano,Londra,Wizz Air,0,242,122,Yes
Amsterdam,Milano,Wizz Air,2,50,207,No
Madrid,Amsterdam,EasyJet,1,202,198,No
Roma,Londra,Wizz Air,1,172,133,No
Londra,Berlino,Iberia,1,118,106,Yes
Londra,Madrid,Lufthansa,2,60,172,No
Amsterdam,Berlino,EasyJet,1,172,208,No
Roma,Parigi,Lufthansa,0,145,176,Yes
Londra,Berlino,Wizz Air,1,200,176,No
Berlino,Madrid,Ryanair,2,135,135,Yes
Parigi,Roma,Wizz Air,0,214,152,Yes
Madrid,Parigi,Wizz Air,2,241,194,No
Amsterdam,Madrid,Lufthansa,0,55,175,Yes
Milano,Amsterdam,Wizz Air,1,159,225,No
Amsterdam,Berlino,EasyJet,0,157,136,Yes
Milano,Madrid,Iberia,2,103,137,Yes
Milano,Parigi,Iberia,0,208,132,Yes
Madrid,Roma,Iberia,0,113,208,Yes
Londra,Berlino,Ryanair,2,205,165,No
Londra,Parigi,Iberia,1,194,147,No
Londra,Parigi,Ryanair,2,187,123,No
Parigi,Milano,Iberia,2,201,191,No
Milano,Amsterdam,Ryanair,2,78,206,No
Madrid,Amsterdam,Iberia,0,166,215,No
Milano,Londra,Iberia,0,72,117,Yes
Parigi,Roma,Iberia,2,159,219,No
Roma,Berlino,Iberia,0,180,104,Yes
Berlino,Madrid,Wizz Air,2,227,194,No
Milano,Parigi,Iberia,1,56,104,Yes
Madrid,Londra,Ryanair,1,133,205,No
Roma,Berlino,Wizz Air,0,205,157,Yes
Roma,Berlino,Wizz Air,0,91,227,Yes
Parigi,Londra,Iberia,2,228,144,No
Parigi,Milano,Wizz Air,2,64,159,Yes
Milano,Parigi,EasyJet,0,90,236,Yes
Milano,Londra,Lufthansa,0,144,115,Yes
Roma,Londra,Iberia,1,73,215,No
Londra,Milano,Lufthansa,1,72,174,No
Amsterdam,Londra,Wizz Air,2,131,230,No
Berlino,Londra,Lufthansa,0,93,171,Yes
Milano,Londra,EasyJet,0,216,195,No
Berlino,Milano,Iberia,2,168,228,No
Roma,Parigi,Wizz Air,1,222,194,No
Berlino,Milano,Wizz Air,0,191,214,No
Amsterdam,Berlino,EasyJet,2,155,157,No
Roma,Parigi,Ryanair,2,201,157,No
Amsterdam,Madrid,EasyJet,2,215,177,No
Londra,Madrid,Ryanair,0,129,206,Yes
Parigi,Berlino,Lufthansa,0,133,109,Yes
Parigi,Madrid,Lufthansa,0,245,220,No
Amsterdam,Berlino,Wizz Air,2,56,142,Yes
Madrid,Berlino,Iberia,0,122,239,Yes
Madrid,Parigi,Wizz Air,2,154,214,No
Amsterdam,Milano,EasyJet,0,89,175,Yes
Milano,Londra,EasyJet,1,72,194,No
Londra,Amsterdam,Iberia,2,152,181,No
Milano,Parigi,Ryanair,0,61,156,Yes
Roma,Milano,EasyJet,1,204,105,No
Parigi,Milano,Lufthansa,0,133,222,Yes
Roma,Parigi,EasyJet,2,248,166,No
Londra,Madrid,Wizz Air,0,113,206,Yes
Madrid,Berlino,Lufthansa,2,55,176,No
Londra,Parigi,Iberia,1,164,114,No
Madrid,Milano,Wizz Air,2,220,170,No
Amsterdam,Parigi,Wizz Air,1,222,116,No
Roma,Londra,Ryanair,2,180,213,No
Madrid,Amsterdam,Lufthansa,1,181,173,No
Madrid,Berlino,Lufthansa,2,105,240,No
Parigi,Berlino,Iberia,1,116,138,Yes
Berlino,Roma,EasyJet,2,212,115,No
Parigi,Berlino,EasyJet,2,234,101,No
Roma,Berlino,Lufthansa,1,78,176,No
Amsterdam,Parigi,Ryanair,2,119,235,No
Berlino,Milano,Wizz Air,1,225,191,No
Roma,Parigi,Ryanair,1,82,234,No
Roma,Milano,Iberia,0,55,221,Yes
Parigi,Londra,Ryanair,0,127,182,Yes
Berlino,Londra,Lufthansa,1,150,128,No
Parigi,Londra,Ryanair,2,113,240,No
Londra,Madrid,EasyJet,1,208,132,No
Madrid,Milano,EasyJet,1,115,119,Yes
Madrid,Parigi,Ryanair,1,223,183,No
Parigi,Berlino,Ryanair,1,118,225,No
Amsterdam,Londra,Lufthansa,1,62,125,Yes
Londra,Parigi,Wizz Air,2,154,192,No
Milano,Parigi,Wizz Air,0,186,159,Yes
Roma,Madrid,Wizz Air,1,210,128,No
Amsterdam,Londra,EasyJet,0,197,115,Yes
Madrid,Parigi,EasyJet,0,221,114,Yes
Parigi,Madrid,Lufthansa,2,242,107,No
Madrid,Londra,Ryanair,0,219,115,Yes
Parigi,Milano,Wizz Air,0,115,126,Yes
Amsterdam,Madrid,Ryanair,2,135,143,Yes
Madrid,Roma,Wizz Air,1,249,131,No
Londra,Amsterdam,Wizz Air,2,179,164,No
Parigi,Milano,Iberia,1,205,190,No
Milano,Madrid,Lufthansa,0,248,222,No
Milano,Londra,Wizz Air,1,215,168,No
Parigi,Berlino,EasyJet,0,204,156,Yes
Berlino,Madrid,Iberia,0,103,164,Yes
Amsterdam,Roma,EasyJet,1,96,133,Yes
Berlino,Milano,EasyJet,1,121,150,Yes
Berlino,Londra,Ryanair,2,165,160,No
Parigi,Londra,Ryanair,1,92,218,No
Amsterdam,Roma,Ryanair,0,141,141,Yes
Milano,Londra,Iberia,1,183,160,No
Berlino,Milano,Lufthansa,0,126,111,Yes
Amsterdam,Milano,Ryanair,0,169,127,Yes
Amsterdam,Milano,Ryanair,0,159,114,Yes
Roma,Londra,Lufthansa,0,130,199,Yes
Madrid,Berlino,Iberia,0,74,166,Yes
Berlino,Parigi,EasyJet,0,212,213,No
Londra,Berlino,Iberia,2,119,158,Yes
Madrid,Londra,Wizz Air,1,83,106,Yes
Parigi,Roma,Wizz Air,1,246,156,No
Madrid,Roma,EasyJet,1,50,233,No
Parigi,Roma,Ryanair,0,180,214,No
Berlino,Roma,Iberia,2,188,199,No
Roma,Berlino,Wizz Air,0,163,152,Yes
Roma,Amsterdam,Ryanair,1,227,162,No
Roma,Berlino,Wizz Air,2,244,237,No
Londra,Roma,Ryanair,0,115,101,Yes
Berlino,Roma,Lufthansa,0,101,204,Yes
Berlino,Madrid,Iberia,1,111,140,Yes
Amsterdam,Berlino,EasyJet,2,161,117,No
Berlino,Madrid,Iberia,1,187,168,No
Amsterdam,Parigi,Wizz Air,2,91,233,No
Londra,Milano,Ryanair,1,86,152,Yes
Amsterdam,Berlino,Lufthansa,0,98,207,Yes
Londra,Milano,Wizz Air,0,53,196,Yes
Roma,Madrid,Lufthansa,0,172,158,Yes
Roma,Amsterdam,Ryanair,0,177,163,Yes
Amsterdam,Parigi,Lufthansa,0,224,140,Yes
Roma,Parigi,Wizz Air,0,137,134,Yes
Berlino,Amsterdam,Iberia,1,66,180,No
Berlino,Amsterdam,Ryanair,1,229,113,No
Londra,Amsterdam,Iberia,0,188,175,No
Roma,Milano,Lufthansa,2,134,147,Yes
Milano,Roma,Lufthansa,1,86,239,No
Madrid,Parigi,Lufthansa,1,52,167,Yes
Parigi,Milano,Wizz Air,2,174,133,No
Madrid,Parigi,EasyJet,2,59,184,No
Parigi,Amsterdam,Lufthansa,0,111,109,Yes
Parigi,Madrid,EasyJet,0,115,109,Yes
Madrid,Berlino,Ryanair,1,70,175,No
Roma,Parigi,Iberia,1,60,158,Yes
Berlino,Roma,Iberia,2,143,218,No
Milano,Londra,Iberia,2,167,158,No
Roma,Amsterdam,Lufthansa,0,189,102,Yes
Amsterdam,Milano,Iberia,0,217,166,Yes
Berlino,Roma,Lufthansa,2,242,170,No
Berlino,Roma,Ryanair,0,181,172,No
Milano,Berlino,Iberia,0,92,224,Yes
Milano,Parigi,Iberia,1,100,229,No
Parigi,Amsterdam,EasyJet,0,132,157,Yes
Milano,Madrid,Wizz Air,2,156,103,No
Madrid,Roma,Iberia,1,66,124,Yes
Roma,Madrid,Wizz Air,0,192,226,No
Amsterdam,Berlino,EasyJet,2,99,181,No
Roma,Amsterdam,Lufthansa,1,210,104,No
Londra,Milano,Wizz Air,0,160,160,Yes
Parigi,Madrid,EasyJet,0,224,200,No
Milano,Berlino,Wizz Air,1,178,118,No
Berlino,Roma,Ryanair,0,129,161,Yes
Parigi,Madrid,EasyJet,0,50,109,Yes
Roma,Amsterdam,Wizz Air,0,188,146,Yes
Roma,Berlino,Iberia,1,126,159,Yes
Parigi,Madrid,EasyJet,0,61,193,Yes
Parigi,Londra,Iberia,0,182,114,Yes
Madrid,Londra,Iberia,1,118,105,Yes
Roma,Amsterdam,Ryanair,0,212,106,Yes
Milano,Londra,Lufthansa,0,123,182,Yes
Roma,Milano,EasyJet,0,189,188,No
Amsterdam,Londra,Wizz Air,2,200,179,No
Londra,Parigi,Ryanair,1,248,171,No
Londra,Milano,Ryanair,2,182,162,No
Berlino,Parigi,Ryanair,1,160,208,No
Madrid,Londra,EasyJet,2,138,239,No
Madrid,Berlino,Wizz Air,1,241,215,No
Roma,Milano,Iberia,0,130,190,Yes
Londra,Milano,Lufthansa,1,113,119,Yes
Roma,Parigi,Ryanair,2,163,225,No
Londra,Amsterdam,Lufthansa,2,62,195,No
Madrid,Berlino,EasyJet,0,185,217,No
Londra,Amsterdam,EasyJet,1,207,103,No
Roma,Madrid,Lufthansa,2,78,108,Yes
Roma,Milano,EasyJet,0,117,167,Yes
Parigi,Milano,Wizz Air,0,104,230,Yes
Amsterdam,Parigi,Iberia,0,169,213,No
Roma,Milano,Wizz Air,1,224,197,No
Londra,Parigi,Ryanair,0,84,213,Yes
Londra,Parigi,Wizz Air,1,137,207,No
Roma,Berlino,Iberia,2,205,166,No
Amsterdam,Londra,Ryanair,1,75,132,Yes
Berlino,Roma,Iberia,2,226,172,No
Amsterdam,Londra,Lufthansa,2,82,143,Yes
Parigi,Berlino,Lufthansa,1,239,206,No
Roma,Berlino,Wizz Air,0,54,130,Yes
